{
  "IsEncrypted": false,
  "Values": {
    "WEBSITE_AUTH_UNAUTHENTICATED_ACTION": "RedirectToLoginPage",
    "AuthorizationModuleKeyVaultSubscriptionPassword": "SubscriptionPassword",
    "AuthorizationModuleBackupTag": "BACKUP",
    "WEBSITE_SITE_NAME": "AuthenticatedAZ",
    "AuthorizationModuleCreatedOnTag": "CreatedOn",
    "REMOTEDEBUGGINGVERSION": "11.0.611103.400",
    "WEBSITE_AUTH_AUTO_AAD": "False",
    "AuthorizationModuleOwnerTagName": "Owner",
    "AuthorizationModuleIAMTemplateRoleTable": "AuthorizedIAMTemplateRole",
    "WEBSITE_AUTH_ALLOWED_AUDIENCES": "https://authenticatedaz.azurewebsites.net/.auth/login/aad/callback",
    "AzureWebJobsStorage": "DefaultEndpointsProtocol=https;AccountName=authenticatedaz;AccountKey=SI1+D4UVONk+RlGhR8Gzzr0EwCLIvmms4sNsnpvBN06IMh5MqVBbK6ElvHYJnzVgABYJifTFcmEktL6uvwIjSA==",
    "WEBSITE_NODE_DEFAULT_VERSION": "6.5.0",
    "AuthorizationModuleStorageAccountName": "rgapi",
    "AuthorizationModulePolicyAssignmentTable": "AuthorizedPolicyAssignment",
    "ScmType": "None",
    "AuthorizationModuleProjectTagName": "ProjectName",
    "AuthorizationModuleKeyVault": "authenticatedaz",
    "WEBSITE_AUTH_LOGOUT_PATH": "/.auth/logout",
    "WEBSITE_AUTH_DEFAULT_PROVIDER": "AzureActiveDirectory",
    "WEBSITE_SLOT_NAME": "Production",
    "AuthorizationModuleDefaultCostCenterTableName": "DefaultCostCenter",
    "AuthorizationModuleDisplayName": "DisplayName",
    "AuthorizationModuleKeyVaultSubscriptionLogin": "SubscriptionLogin",
    "AuthorizationModuleReadKeyvaletURL": "https://mysimpleapicontroller.azurewebsites.net/api/Get-ValetKeyforAzureTableRead?code=5PX7blR6kVEKLRBErxdw2VwR0gGJo3h5dpCV1lkbE7lnh1PI08cvsQ==",
    "WEBSITE_DISABLE_MSI": "false",
    "AuthorizationModuleCostCenterTagName": "CostCenter",
    "AuthorizationModuleExpirationPeriod": "30",
    "FUNCTIONS_EXTENSION_VERSION": "~1",
    "WEBSITE_AUTH_TOKEN_STORE": "True",
    "AzureWebJobsDashboard": "DefaultEndpointsProtocol=https;AccountName=authenticatedaz;AccountKey=SI1+D4UVONk+RlGhR8Gzzr0EwCLIvmms4sNsnpvBN06IMh5MqVBbK6ElvHYJnzVgABYJifTFcmEktL6uvwIjSA==",
    "WEBSITE_AUTH_OPENID_ISSUER": "https://sts.windows.net/dfe6b267-4f0f-45e5-a9ed-d0540af967dd/",
    "AuthorizationModuleSLA": "SLALevel",
    "AuthorizationModuleAuthorizeTableName": "AuthorizedCallers",
    "WEBSITE_AUTH_CLIENT_SECRET": "41e2c+rtmx6QDJiYB3LVTmx9TZ7tvwTDjw0/Dtrz/hQ=",
    "AuthorizationModuleEnvironnementTagname": "Environnement",
    "WEBSITE_AUTH_CLIENT_ID": "ccfcce55-8546-4b3f-982a-8d911d4c6b04",
    "WEBSITE_AUTH_ENABLED": "True"
  }
}