{
  "IsEncrypted": false,
  "Values": {
    "WEBSITE_AUTH_FB_SCOPE": "",
    "FUNCTIONS_EXTENSION_VERSION": "~1",
    "WEBSITE_AUTH_UNAUTHENTICATED_ACTION": "RedirectToLoginPage",
    "AuthorizationModuleStorageAccountMasterKey": "AuthorizationModuleStorageAccountMasterKey",
    "AuthorizationModuleBackupTag": "Backup",
    "WEBSITE_SITE_NAME": "mysimpleapicontroller",
    "AuthorizationModuleCreatedOnTag": "CreatedOn",
    "REMOTEDEBUGGINGVERSION": "11.0.611103.400",
    "WEBSITE_AUTH_AUTO_AAD": "False",
    "AuthorizationModuleOwnerTagName": "Owner",
    "AuthorizationModuleIAMTemplateRoleTable": "AuthorizedIAMTemplateRole",
    "WEBSITE_AUTH_ALLOWED_AUDIENCES": "https://mysimpleapicontroller.azurewebsites.net/.auth/login/aad/callback",
    "AzureWebJobsStorage": "DefaultEndpointsProtocol=https;AccountName=mysimpleapiconta4a6;AccountKey=/bVC/DCzJVVUylVqAtBfmL2a3eXJujao83vR4Nu4IqdMtMG5vzvZLjBn7VkshAt5QBaRhr5KZTj+2ZwwZJ7pdQ==",
    "WEBSITE_NODE_DEFAULT_VERSION": "6.5.0",
    "AuthorizationModuleStorageAccountName": "rgapi",
    "AuthorizationModulePolicyAssignmentTable": "AuthorizedPolicyAssignment",
    "ScmType": "None",
    "AuthorizationModuleProjectTagName": "ProjectName",
    "AuthorizationModuleKeyVault": "authenticatedAZ",
    "LogTable": "AuthorizedLogs",
    "WEBSITE_AUTH_LOGOUT_PATH": "/.auth/logout",
    "WEBSITE_AUTH_DEFAULT_PROVIDER": "AzureActiveDirectory",
    "WEBSITE_SLOT_NAME": "Production",
    "WEBSITE_AUTH_MSA_SCOPE": "",
    "AuthorizationModuleDefaultCostCenterTableName": "DefaultCostCenter",
    "AuthorizationModuleReadKeyvaletURL": "https://mysimpleapicontroller.azurewebsites.net/api/ValetGetForAzureTableRead",
    "WEBSITE_DISABLE_MSI": "false",
    "AuthorizationModuleCostCenterTagName": "CostCenter",
    "AuthorizationModuleExpirationPeriod": "30",
    "WEBSITE_AUTH_TOKEN_STORE": "False",
    "AzureWebJobsDashboard": "DefaultEndpointsProtocol=https;AccountName=mysimpleapiconta4a6;AccountKey=/bVC/DCzJVVUylVqAtBfmL2a3eXJujao83vR4Nu4IqdMtMG5vzvZLjBn7VkshAt5QBaRhr5KZTj+2ZwwZJ7pdQ==",
    "WEBSITE_AUTH_OPENID_ISSUER": "https://sts.windows.net/dfe6b267-4f0f-45e5-a9ed-d0540af967dd/",
    "AuthorizationModuleSLA": "SLALevel",
    "AuthorizationModuleAuthorizeTableName": "AuthorizedCallers",
    "APPINSIGHTS_INSTRUMENTATIONKEY": "cd23c63b-f7f7-4118-ae2f-dd3ffae591bc",
    "WEBSITE_AUTH_CLIENT_SECRET": "XT/NTgOq+f3zcmwL/yNwRgYiGKMcAxXpQTjvUyEXEp0=",
    "AuthorizationModuleEnvironnementTagname": "Environnement",
    "WEBSITE_AUTH_CLIENT_ID": "ad4288b3-e439-46bb-9f11-e66013e51798",
    "WEBSITE_AUTH_ENABLED": "False"
  }
}